title,company,location,link
Python Developer,Seen by Indeed,"Austin, TX",https://www.indeed.com/viewjob?jk=524540c12bdb7086
We're Hiring Developers & Engineers! (Multiple Openings),GM Financial,"Arlington, TX",https://www.indeed.com/viewjob?jk=d1c41aff02060e35
Python Software Engineer,MORSE Corp,"Cambridge, MA",https://www.indeed.com/viewjob?jk=67e1e18acedec500
"Software Engineer - Direct Hire - Python, Django",Cybernetic Search,"San Francisco, CA",https://www.indeed.com/viewjob?jk=84891d5be5e62142
Full-Time Consultant,Global Data interchange,Virginia,https://www.indeed.com/viewjob?jk=2269ecfa1d6d6120
Python Developer,"Atlas, Inc.","Los Angeles, CA",https://www.indeed.com/viewjob?jk=1a000440f3f566fe
Python developer (Backend) REMOTE,Ace-stack LLC,"Research Triangle Park, NC",https://www.indeed.com/viewjob?jk=aeed01dbd68defa8
Python Programmer,Monash University,"New York, NY",https://www.indeed.com/viewjob?jk=1b2c3444d894431b
Data Scientist Entry Level - Pathrise Recruiting Partners,Pathrise,Remote,https://www.indeed.com/viewjob?jk=57125117d2b4b0f6
Entry Level Software Developer,Solution ITnet LLC,"South Plainfield, NJ",https://www.indeed.com/viewjob?jk=c5eb66a9ae294578
Software Engineer - Python/Django (Remote),drchrono,Remote,https://www.indeed.com/viewjob?jk=c1ec2e8c70f040ba
"Software Developer - Python, Linux, Shell Scripting (Work Remotely)",Capgemini,United States,https://www.indeed.com/viewjob?jk=a05598cc23ccac06
Python Developer,Ace-stack LLC,"Columbus, OH",https://www.indeed.com/viewjob?jk=b06d08ceaca2317e
Python Developer Intern,OXO Solutions,"Ruby, SC",https://www.indeed.com/viewjob?jk=84a541c104b5b24c
Jr. Software Developer,FrogSlayer,"College Station, TX",https://www.indeed.com/viewjob?jk=a37f6654f6945daa
Python Developer,Talented IT INC,"Ann Arbor, MI",https://www.indeed.com/viewjob?jk=515c638f651dc4b7
"Junior Software Engineer (Remote, USA, Full-Time)",4 Mile Analytics,Remote,https://www.indeed.com/viewjob?jk=d9fd8018aa106b06
DevOps Engineer - Remote - Jr. Level,Pagely,Remote,https://www.indeed.com/viewjob?jk=f697711038cfa55f
Data Entry Clerk,Liveops,"Mahopac, NY",https://www.indeed.com/viewjob?jk=ab11eb51cff34c0b
"Software Engineer (Python, .NET)",Principal Financial Group,"Des Moines, IA",https://www.indeed.com/viewjob?jk=572d87a8fc369029
Python разработчик,WaveAccess,United States,https://www.indeed.com/viewjob?jk=d6df26980f5d9a81
Software Engineer (Python) (Remote position) #nowhiring,Catasys,United States,https://www.indeed.com/viewjob?jk=a9fe137e44d90c2f
Python Developer,Piper Companies,"Durham, NC",https://www.indeed.com/viewjob?jk=cd5ce1b2d442b54d
Junior Software Engineer/Python Developer,Amentum,"Dahlgren, VA",https://www.indeed.com/viewjob?jk=e26dfe89287c2b57
Quantitative Researcher,Virginia VA Retirement System,"Richmond, VA",https://www.indeed.com/viewjob?jk=bcd09ca6048c0bb0
Systems Analyst/Developer,Virginia Community College System,Virginia,https://www.indeed.com/viewjob?jk=38e015af01eaa7b9
Python Developer,Global Information Technology,"Myrtle Point, OR",https://www.indeed.com/viewjob?jk=5b432841ff3f9a57
Full-Time Research Assistant,UCLA,"Los Angeles, CA",https://www.indeed.com/viewjob?jk=66d1d4e9bc6018ed
Software Engineer Intern,EcoCart,"San Francisco, CA",https://www.indeed.com/viewjob?jk=516124077f4aa91c
Quality Analyst Entry level (Fresh graduates),IT EXCEL LLC,"Richmond, VA",https://www.indeed.com/viewjob?jk=ec7e51b19f1d455f
Python/Django Developer.,V Projects,"Hartford, CT",https://www.indeed.com/viewjob?jk=60abe315995dc1e5
Python / SQL Developer,Neos Consulting,"Austin, TX",https://www.indeed.com/viewjob?jk=42dbe279bbee3201
Python Developer,W2O,"Austin, TX",https://www.indeed.com/viewjob?jk=65dfb9c2cb9cd563
Software Engineer,Blueprint Title.,Remote,https://www.indeed.com/viewjob?jk=51932905b4da245c
Verification Engineer-10044289,L&T Technology Services,"Menlo Park, CA",https://www.indeed.com/viewjob?jk=e7f42dc74b89c02b
Senior Linux C Developer - embedded background - KernelCare [remote],CloudLinux,"Palo Alto, CA",https://www.indeed.com/viewjob?jk=ae27eb8b0e1e99d0
Python Developer,Point1 Solutions,"Columbus, OH",https://www.indeed.com/viewjob?jk=e0879d68eecb3a6d
"Data Engineer - Python, SQL, Tableau","PRIMUS Global Services, Inc","Menlo Park, CA",https://www.indeed.com/viewjob?jk=58afcd3ddcd30aee
Python Software Engineer,BlindData,"New York, NY",https://www.indeed.com/viewjob?jk=af4486f116dd6bb5
ML/Python Developer,Graviton info tech,"Sunnyvale, CA",https://www.indeed.com/viewjob?jk=e7da47ad363b5bf8
"PYTHON SW ENGINEER – DEEP LEARNING, # 10648",InspiHER Tech,"Chicago, IL",https://www.indeed.com/viewjob?jk=b427c5b1cca005e9
Intermediate Cloud Operations Engineer - Overnight/Weekend Shift (Remote OK),Mission Cloud Services,"El Segundo, CA",https://www.indeed.com/viewjob?jk=598309760f4d671b
"Machine Learning Engineer - Python, SQL, Agile","PRIMUS Global Services, Inc","Dublin, OH",https://www.indeed.com/viewjob?jk=202671d79ae6989a
Junior Backend Developer -> Semillero Rappi Makers (Spanish Speaking is a Must),Rappi,Remote,https://www.indeed.com/viewjob?jk=b3d6d4657d0d1918
Python Developer,EA Team,"Sunnyvale, CA",https://www.indeed.com/viewjob?jk=ad076f05fc8ea0fe
Senior Full Stack Developer,Cloud Haven Solutions,Remote,https://www.indeed.com/viewjob?jk=986340cf978d594a
Data Center Technician,"Amazon Data Services, Inc.","Manassas, VA",https://www.indeed.com/viewjob?jk=f0f59a75312741b4
Machine Learning Engineer,Cerebra Consulting,"Dublin, OH",https://www.indeed.com/viewjob?jk=2a6245b753953d0d
Junior Software Engineer,FormSwift,"San Francisco, CA",https://www.indeed.com/viewjob?jk=1e12b18acfdc21fa
Python Developer,Schrödinger,"New York, NY",https://www.indeed.com/viewjob?jk=cb9a2c2b0e170f14
Remote Sr. Python Developer,Piper Companies,"McLean, VA",https://www.indeed.com/viewjob?jk=bd9311a9b1aba3ca
Python developer,inficare technologies,"De Pere, WI",https://www.indeed.com/viewjob?jk=32a5b42b29ffce33
Quantitative Trader - Entry Level,Avatar Securities,"Chicago, IL",https://www.indeed.com/viewjob?jk=d01efa8dad29efdc
Jr. System Administrator,Tech Systems,"San Francisco, CA",https://www.indeed.com/viewjob?jk=497516da38ebb59a
Lead Engineer/Python Developer,"Otto Solutions, Inc.","Alpharetta, GA",https://www.indeed.com/viewjob?jk=825f59b88af4f392
Python Developer,ShorePoint,"Reston, VA",https://www.indeed.com/viewjob?jk=94203668207ebb4a
"Tech Lead - Java, Python, AWS",Lumin Inc.,"Richmond, VA",https://www.indeed.com/viewjob?jk=1335927d4ca9c0d2
Python Developer,Itero Group,"Reston, VA",https://www.indeed.com/viewjob?jk=c211445a0a183ef1
Computer Vision Algorithm Developer,"EyeLock, LLC","Austin, TX",https://www.indeed.com/viewjob?jk=d10315b6627c92d1
Python Developer,Seen by Indeed,"Austin, TX",https://www.indeed.com/viewjob?jk=524540c12bdb7086
We're Hiring Developers & Engineers! (Multiple Openings),GM Financial,"Arlington, TX",https://www.indeed.com/viewjob?jk=d1c41aff02060e35
Python Software Engineer,MORSE Corp,"Cambridge, MA",https://www.indeed.com/viewjob?jk=67e1e18acedec500
"Software Engineer - Direct Hire - Python, Django",Cybernetic Search,"San Francisco, CA",https://www.indeed.com/viewjob?jk=84891d5be5e62142
Full-Time Consultant,Global Data interchange,Virginia,https://www.indeed.com/viewjob?jk=2269ecfa1d6d6120
Python Developer,"Atlas, Inc.","Los Angeles, CA",https://www.indeed.com/viewjob?jk=1a000440f3f566fe
Python developer (Backend) REMOTE,Ace-stack LLC,"Research Triangle Park, NC",https://www.indeed.com/viewjob?jk=aeed01dbd68defa8
Python Programmer,Monash University,"New York, NY",https://www.indeed.com/viewjob?jk=1b2c3444d894431b
Data Scientist Entry Level - Pathrise Recruiting Partners,Pathrise,Remote,https://www.indeed.com/viewjob?jk=57125117d2b4b0f6
Entry Level Software Developer,Solution ITnet LLC,"South Plainfield, NJ",https://www.indeed.com/viewjob?jk=c5eb66a9ae294578
Software Engineer - Python/Django (Remote),drchrono,Remote,https://www.indeed.com/viewjob?jk=c1ec2e8c70f040ba
"Software Developer - Python, Linux, Shell Scripting (Work Remotely)",Capgemini,United States,https://www.indeed.com/viewjob?jk=a05598cc23ccac06
Python Developer,Ace-stack LLC,"Columbus, OH",https://www.indeed.com/viewjob?jk=b06d08ceaca2317e
Python Developer Intern,OXO Solutions,"Ruby, SC",https://www.indeed.com/viewjob?jk=84a541c104b5b24c
Jr. Software Developer,FrogSlayer,"College Station, TX",https://www.indeed.com/viewjob?jk=a37f6654f6945daa
Python Developer,Talented IT INC,"Ann Arbor, MI",https://www.indeed.com/viewjob?jk=515c638f651dc4b7
"Junior Software Engineer (Remote, USA, Full-Time)",4 Mile Analytics,Remote,https://www.indeed.com/viewjob?jk=d9fd8018aa106b06
DevOps Engineer - Remote - Jr. Level,Pagely,Remote,https://www.indeed.com/viewjob?jk=f697711038cfa55f
Data Entry Clerk,Liveops,"Mahopac, NY",https://www.indeed.com/viewjob?jk=ab11eb51cff34c0b
"Software Engineer (Python, .NET)",Principal Financial Group,"Des Moines, IA",https://www.indeed.com/viewjob?jk=572d87a8fc369029
Python разработчик,WaveAccess,United States,https://www.indeed.com/viewjob?jk=d6df26980f5d9a81
Software Engineer (Python) (Remote position) #nowhiring,Catasys,United States,https://www.indeed.com/viewjob?jk=a9fe137e44d90c2f
Python Developer,Piper Companies,"Durham, NC",https://www.indeed.com/viewjob?jk=cd5ce1b2d442b54d
Junior Software Engineer/Python Developer,Amentum,"Dahlgren, VA",https://www.indeed.com/viewjob?jk=e26dfe89287c2b57
Quantitative Researcher,Virginia VA Retirement System,"Richmond, VA",https://www.indeed.com/viewjob?jk=bcd09ca6048c0bb0
Systems Analyst/Developer,Virginia Community College System,Virginia,https://www.indeed.com/viewjob?jk=38e015af01eaa7b9
Python Developer,Global Information Technology,"Myrtle Point, OR",https://www.indeed.com/viewjob?jk=5b432841ff3f9a57
Full-Time Research Assistant,UCLA,"Los Angeles, CA",https://www.indeed.com/viewjob?jk=66d1d4e9bc6018ed
Software Engineer Intern,EcoCart,"San Francisco, CA",https://www.indeed.com/viewjob?jk=516124077f4aa91c
Quality Analyst Entry level (Fresh graduates),IT EXCEL LLC,"Richmond, VA",https://www.indeed.com/viewjob?jk=ec7e51b19f1d455f
Python/Django Developer.,V Projects,"Hartford, CT",https://www.indeed.com/viewjob?jk=60abe315995dc1e5
Python / SQL Developer,Neos Consulting,"Austin, TX",https://www.indeed.com/viewjob?jk=42dbe279bbee3201
Python Developer,W2O,"Austin, TX",https://www.indeed.com/viewjob?jk=65dfb9c2cb9cd563
Software Engineer,Blueprint Title.,Remote,https://www.indeed.com/viewjob?jk=51932905b4da245c
Verification Engineer-10044289,L&T Technology Services,"Menlo Park, CA",https://www.indeed.com/viewjob?jk=e7f42dc74b89c02b
Senior Linux C Developer - embedded background - KernelCare [remote],CloudLinux,"Palo Alto, CA",https://www.indeed.com/viewjob?jk=ae27eb8b0e1e99d0
Python Developer,Point1 Solutions,"Columbus, OH",https://www.indeed.com/viewjob?jk=e0879d68eecb3a6d
"Data Engineer - Python, SQL, Tableau","PRIMUS Global Services, Inc","Menlo Park, CA",https://www.indeed.com/viewjob?jk=58afcd3ddcd30aee
Python Software Engineer,BlindData,"New York, NY",https://www.indeed.com/viewjob?jk=af4486f116dd6bb5
ML/Python Developer,Graviton info tech,"Sunnyvale, CA",https://www.indeed.com/viewjob?jk=e7da47ad363b5bf8
"PYTHON SW ENGINEER – DEEP LEARNING, # 10648",InspiHER Tech,"Chicago, IL",https://www.indeed.com/viewjob?jk=b427c5b1cca005e9
Intermediate Cloud Operations Engineer - Overnight/Weekend Shift (Remote OK),Mission Cloud Services,"El Segundo, CA",https://www.indeed.com/viewjob?jk=598309760f4d671b
"Machine Learning Engineer - Python, SQL, Agile","PRIMUS Global Services, Inc","Dublin, OH",https://www.indeed.com/viewjob?jk=202671d79ae6989a
Junior Backend Developer -> Semillero Rappi Makers (Spanish Speaking is a Must),Rappi,Remote,https://www.indeed.com/viewjob?jk=b3d6d4657d0d1918
Python Developer,EA Team,"Sunnyvale, CA",https://www.indeed.com/viewjob?jk=ad076f05fc8ea0fe
Senior Full Stack Developer,Cloud Haven Solutions,Remote,https://www.indeed.com/viewjob?jk=986340cf978d594a
Data Center Technician,"Amazon Data Services, Inc.","Manassas, VA",https://www.indeed.com/viewjob?jk=f0f59a75312741b4
Machine Learning Engineer,Cerebra Consulting,"Dublin, OH",https://www.indeed.com/viewjob?jk=2a6245b753953d0d
Junior Software Engineer,FormSwift,"San Francisco, CA",https://www.indeed.com/viewjob?jk=1e12b18acfdc21fa
Python Developer,Schrödinger,"New York, NY",https://www.indeed.com/viewjob?jk=cb9a2c2b0e170f14
Remote Sr. Python Developer,Piper Companies,"McLean, VA",https://www.indeed.com/viewjob?jk=bd9311a9b1aba3ca
Python developer,inficare technologies,"De Pere, WI",https://www.indeed.com/viewjob?jk=32a5b42b29ffce33
Quantitative Trader - Entry Level,Avatar Securities,"Chicago, IL",https://www.indeed.com/viewjob?jk=d01efa8dad29efdc
Jr. System Administrator,Tech Systems,"San Francisco, CA",https://www.indeed.com/viewjob?jk=497516da38ebb59a
Lead Engineer/Python Developer,"Otto Solutions, Inc.","Alpharetta, GA",https://www.indeed.com/viewjob?jk=825f59b88af4f392
Python Developer,ShorePoint,"Reston, VA",https://www.indeed.com/viewjob?jk=94203668207ebb4a
"Tech Lead - Java, Python, AWS",Lumin Inc.,"Richmond, VA",https://www.indeed.com/viewjob?jk=1335927d4ca9c0d2
Python Developer,Itero Group,"Reston, VA",https://www.indeed.com/viewjob?jk=c211445a0a183ef1
Computer Vision Algorithm Developer,"EyeLock, LLC","Austin, TX",https://www.indeed.com/viewjob?jk=d10315b6627c92d1
